feature,importance
max_gap_days,0.33697773794478697
avg_monthly_spend,0.22310475880403274
tenure_months,0.1551985669203228
transactions_90d,0.0921158713994704
transactions_30d,0.07042726671349615
is_high_risk_segment_0,0.037946202158653124
is_high_risk_segment_1,0.028549745600722556
card_type_basic,0.02099569912619083
card_type_gold,0.020271416609808215
card_type_platinum,0.014412734722516316
